"","KID","API_NUMBER","STATUS","STATUS2","COMMENTS"
"285",1001187060,"15-007-01172","OIL-P&A","Plugged and Abandoned","Plugged by Kansas Oilfield Supply Corp. after a period as a SWD well (?)."
"371",1001187359,"15-007-01189","SWD","Authorized Injection Well","Later SWD."
"522",1001187667,"15-007-70080","OIL-P&A","Plugged and Abandoned","Later converted to SWD or EOR."
"543",1001187689,"15-007-01265","OIL-P&A","Converted to SWD Well","SAMPLES SAY 'SW SE SW' . (CUTTINGS WELL_ID=125208). Converted to SWD, plugged by Braden-DeeM Inc."
"613",1001187779,"15-007-01815","OIL-P&A","Plugged and Abandoned","According to scout cards, was changed to SWDW  at a later date. Have two cards, two drillers logs. Dates a problem."
"667",1001187872,"15-007-01379","OIL-P&A","Spudded","Plugged by Smith Oil Operations as SWD, api also listed as 15-007-19004."
"677",1001187884,"15-007-01646","SWD-P&A","Plugged and Abandoned","Converted to SWD. Plugged by Haven Oil Operations."
"1628",1001194305,"15-009-14230","OIL","Converted to EOR Well","E-log says Meda Steckel SWD #6. - MH 06-04-2003."
"2297",1001195048,"15-009-05838","D&A","Plugged and Abandoned","Radioactivity log has lease name as Hagen SWD #1. - MH 06-10-2003."
"5136",1001198730,"15-009-70198","SWD-P&A","Plugged and Abandoned","Deepened to 3744 starting 11-13-1943 and completing 1-13-1944, changed to SWD from oil."
"7341",1001202167,"15-009-06900","D&A","Plugged and Abandoned","Drilled deeper by Honaker and Davis as McKinney 2, then converted to SWD as McKinney B-2. Footages changed from 990 FSL 2970 FEL to 847 FSL 3084 FEL per KCC GPS on OWWO."
"7962",1001210565,"15-051-22098","SWD","Authorized Injection Well","Location changed from E2 of NW SW NW per Elog and C-10; Completion Date changed from 12 February 1981 per C-10. Well also refered to as Henderson-Collins SWD #1 as seen on Well Log. (DRL 07-10-06)"
"9204",1001216604,"15-051-03567","SWD","","elog marked SWD - LH 7-24-2000  Spud and comp. dates added via top card-BJB 08/21/00"
"9281",1001216687,"15-051-03662","D&A","Plugged and Abandoned","Well deepened in 1947 from 3441 ft. to 3765 ft. The well converted to SWD with deepening. (drl 06-26-06)"
"9313",1001216723,"15-051-03706","SWD-P&A","Plugged and Abandoned","Converted to SWDW upon completion of original well; Completion of conversion 17 January 1955; Original depth was 3783. (DRL 09-19-06)"
"9325",1001216738,"15-051-03723","D&A","Plugged and Abandoned","Well deepened in 1952 to a total depth of 3893 ft. Status SWDW. (DRL 07-26-06)"
"10095",1001217594,"15-051-04789","D&A","Converted to SWD Well","Dry well deepened and converted to SWD beginning 10 September 1941 and completing on 16 September 1941. Well was originally 3835 ft deep, but was deepened to 3893. (DRL 09-06-06)"
"10249",1001217754,"15-051-04974","OIL-P&A","Spudded","elog fields marked Burnett, Lane Wells elog marked SWD - LH 7-27-2000"
"10879",1001218422,"15-051-05807","OIL","Converted to SWD Well","Well deepened and worked-over and converted to SWD. See work-over entry for information. (DRL 09-26-06)"
"10943",1001218488,"15-051-05880","OIL-P&A","Plugged and Abandoned","Well deepened 02-08-1952 to 02-28-1952 to a new total depth of 3836 feet. Converted to SWDW.(DRL 08-09-06)"
"11015",1001218563,"15-051-05964","SWD","Spudded","Deepening record does not list status as SWD; well original depth was 3466 with IP of 3036 BO, deepened in 1947. Spud and completion dates listed above refer to original well, not deepening/workover - added from Deepening Record. (DRL 10-26-06)"
"11528",1001219283,"15-051-70163","SWD-P&A","Plugged and Abandoned","Quarter call changed via top card- BJB 09/07/00  comp date per top card - dm 05-14-2001. D&A in 1941 TD 3700, re-entered 1979 for SWD TD 4185 per scout card (DRL-KGS 5/31/2017)"
"13527",1001230431,"15-065-02444","LOC","Converted to SWD Well","Drillers log states use swdw"
"13816",1001230790,"15-065-02567","D&A","Plugged and Abandoned","Well deepened to 4251' and status changed to SWDW 6-16-1954. (drl 12-21-05)"
"14816",1001233161,"15-067-20609","OTHER(CLASS ONE (OLD))","Recompleted","Status changed from Gas to Class I per KDHE records. Converted to Class II well under authority KDHE (DRL 5-7-2012)"
"15153",1001237615,"15-077-01057","D&A","Plugged and Abandoned","May have been SWD later by Clarke Exploration, who plugged the well."
"17376",1001255363,"15-113-00941","OIL-P&A","Plugged and Abandoned","SALT WATER DISPOSAL WELL (CUTTINGS WELL_ID=62251)"
"17384",1001255398,"15-113-01615","SWD","Converted to SWD Well","SWD 3630 (CUTTINGS WELL_ID=62278)"
"19445",1001269898,"15-151-20689","OTHER(CLASS ONE (OLD))","Injection Authorization Terminated","Class I Injection well under authority KDHE (DRL 12-29-11)"
"19708",1001271607,"15-151-10713","SWD-P&A","Plugged and Abandoned","AKA: Frisbie SWDW 1. KGSW, MTD, 12/05/2017"
"20965",1001276035,"","SWD","Well Drilled","70-A2556 CLASS-1 NON-HAZD in lease name field originally"
"27004",1001289859,"15-163-02680","SWD-P&A","Plugged and Abandoned","SWDW"
"27259",1001290232,"15-163-03250","SWD-P&A","Plugged and Abandoned","elog lease name is Sutor A SWDW 1 - kcn - 6-16-2000"
"27376",1001290412,"15-163-04278","OIL","Converted to SWD Well","Well deepened to 4108  12-10-1951. Status changed to SWD at this time.  (drl 2/2006)"
"29029",1001295446,"15-167-02712","D&A","Converted to SWD Well","Recompleted for SWD July 22, 1957, TD 3368."
"29419",1001296893,"15-167-01985","OIL","","spud, comp dates per top card - SKS 9/26/2000  elog well header marked Frank Kilian 4 SWD-BRB10/18/2000"
"29929",1001299183,"15-167-06307","OIL-P&A","Converted to SWD Well","Converted to SWD at some point."
"30670",1001300396,"15-167-03380","OIL-P&A","Spudded","9-16-1953, plugged back to 2410 for oil. 1-13-1954 deepened to 3571 for SWD. New operator CRA."
"31153",1001301022,"15-167-04387","D&A","Converted to SWD Well","Original depth 3330. Deepened to 3496 in 6-7-1956 (possibly as SWDW)."
"31197",1001301089,"15-167-04374","SWD","Recompleted","'Maier Salt Water Disposal #2' on log   (AB 4-25-00)"
"31874",1001302015,"15-167-05587","OIL-P&A","","Elog labeled Ebel B 1, which is a shallow SWD well. Attached to this well based on depths, dates, elevations, and no other suitable candidate."
"32175",1001302408,"15-167-22108","OTHER-P&A(LH)","Plugged and Abandoned","Drillers Log lists lease at South Fairport SWD. Completion date changed from 07-07-1983 to 06-04-1983 per Drillers Log. (DRL 01/2007)"
"33214",1001303827,"15-167-74281","INJ-P&A","Plugged and Abandoned","SWD CABLE TOOL"
"33975",1001304802,"15-167-06443","D&A","","comp date per top card - SKS 10/2/2000  TD 3624 deepened 10/14-11/18/1936 SWD per top card- SKS 10/2/2000"
"36171",1001317567,"15-185-01672","OIL-P&A","Plugged and Abandoned","Discovery well for Shaeffer-Rothgarn field. APPLEGATE SWD 7 in 1953 by H G KAISER"
"36172",1001317568,"15-185-01673","OIL-P&A","Plugged and Abandoned","APPLEGATE SWD 7 in 1953 by H G KAISER"
"36999",1001318847,"15-185-12493","SWD","Authorized Injection Well","Well history shows well originally drilled as an oil well. Then deepened several months later and completed as a SWD. KGS-W, MTD, 05/11/2018"
"37909",1001320394,"15-185-31790","OIL","","Original depth 3814; deepened 8-26-1939 to 10-16-1939 as disposal well."
"39517",1001328866,"15-191-01456","D&A","Converted to SWD Well","May have been used as SWD."
"41434",1002876875,"15-113-00023","OTHER(CLASS ONE (OLD))","Well Drilled","Changed status from SWD to Class 1 per KDHE records (DRL 5-4-2012)"
"41631",1002877092,"15-113-20071","OTHER(CLASS ONE (OLD))","Well Drilled","Class 1 disposal well authorized under KDHE. was SECURITY UNDERGROUND STORAGE 1, was Riddell 1.  Williams Conway 1 and Security Underground 1 records merged 2014-11-10 per operator (DLS-DRL)"
"41668",1002877131,"15-113-20119","SWD","Well Drilled","Possible Class I Injection well (DRL 5-4-2012)"
"41712",1002877176,"15-113-20174","OTHER(CLASS ONE (OLD))","","Class 1 injection well under authority of KDHE. was SECURITY UNDERGROUND STORAGE 2. Williams Conway 2 and Security Underground 2 wells merged 2014-11-10 per operator (DLS-DRL)"
"49926",1002885737,"15-007-01041-0002","O&G","","Other API 15-007-01699-0002. Dual completion Gas from Snyderville and disposal in Lansing. Two workovers in 1996.  Numbering confusing as OWWO in 1994 not given OWWO code."
"49932",1002885746,"15-007-10004","GAS","Converted to SWD Well","DEEPENED FOR SWD AS #24 'C' BOGGS. (CUTTINGS WELL_ID=125350)"
"50141",1002886003,"15-007-30193","OIL-P&A","Converted to EOR Well","SWD conversion later?"
"50862",1002886812,"15-009-06399","D&A","Approved for Plugging - CP-1 Received","Completion report TD is 3327, may have been worked over to SWD (DRL- KGS 5-24-2017)"
"50934",1002886926,"15-009-14904","INJ","","SALT WATER DISPOSAL UNIT (CUTTINGS WELL_ID=74300)"
"54414",1002891193,"15-015-21221","OIL-P&A","Plugged and Abandoned","E-log marked as Rolston SWD no. 3 (DRL 06-05-07)"
"60567",1002897521,"15-023-00022","D&A","Plugged and Abandoned","The cuttings are in boxes 38896 and 38897.  Duplicate samples were in boxes 19702 and 19706 but the Wichita Well Sample Library will dispose of those.  Those box numbers will be reused. MCM 8-18-04"
"62028",1002899082,"15-033-10021","OTHER-P&A(OIL&GAS-INJ)","Plugged and Abandoned","SWD in Chase and Council Grove"
"63813",1002901058,"15-035-01765","OTHER(STRAT)","Converted to SWD Well","Footages changed from 250 fsl 200 fwl to 485 fsl 5217 fel per KCC 2nd OWWO location.  Range Oil re-entered strat well in 1978 changed to SWD (DRL 12-2-2013)"
"64304",1002901609,"15-035-02325","SWD","Authorized Injection Well","THIS IS A SALT WATER DISPOSAL WELL-SHALLOW DRL.1ST (CUTTINGS WELL_ID=19211)"
"67903",1002905678,"15-035-24057","OIL-P&A","Plugged and Abandoned","ACO-1 has note says converted to SWDW"
"70415",1002908435,"15-049-20769","SWD","Approved Intent to Drill","status changed from D&A to SWDW per C-10 (DRL 6-26-2014)"
"71873",1002909985,"15-051-00816","D&A","Plugged and Abandoned","elog mismarked Crathorne 1 SWD - RME 3/28/2001"
"72728",1002911027,"15-051-01716","OIL-P&A","Plugged and Abandoned","Mercury elogs read location as NW/4 & SWD - LH 7-27-2000"
"73463",1002911925,"15-053-01284","OIL-P&A","Plugged and Abandoned","SWDW (CUTTINGS WELL_ID=63446)"
"77762",1002916573,"15-073-20513-0001","D&A","","Was Doyle Purkeypile  #2 Jenkins. Redrilled for SWDW in 4-14-1970."
"77935",1002916754,"15-073-20699","OIL","Converted to SWD Well","OWWO as SWD by CROSS"
"78038",1002916859,"15-073-20812","SWD-P&A","Plugged and Abandoned","Footages 2970 FSL 990 FEL removed from well record, C-10 and completion cards place well in NW NW NW. Well was completed D&A 4-13-1974, re-entered 7-25-1974, wash down, completed 10-24-1974 as SWDW (DS-DRL 6-18-2010)"
"78643",1002917480,"15-073-21507","SWD","Recompleted","On 3 Jan 2008, the KCC changed the number on this well from 2 to 1 SWD. MCM 4 Jan 2008"
"80227",1002919083,"15-073-23684","SWD","Authorized Injection Well","1/1/91  Samples marked #2 Hull A SWD (CUTTINGS WELL_ID=103198)"
"82309",1002921359,"15-079-00944","D&A","","well was deepened to SWD 05-23-1936 (DRL 05-31-2012)"
"82829",1002921952,"15-081-30082","O&G-P&A","Plugged and Abandoned","From Donna Dill at the KCC: 15-081-30081-0000 is the Fromong 1 drilled in 1965.  It was reworked as a SWD well in 1983 and called the Fromong 2. There is another Fromong 2 (15-081-30082-0000) drilled in 1966.   MCM 12-29-03"
"83016",1002922156,"15-083-00231","OIL","Converted to SWD Well","Well drilled as oil well, card states 2300-3000 BOPD, but at some point was converted to SWD well. Was SWD when plugged by Okmar in 1968. (DS-DRL per KCC 1-14-2013)"
"83357",1002922516,"15-083-10290","OIL","Converted to SWD Well","The Ray Lee 4 is now a disposal well according to the operator. Greg Bohnenblust, DOR, 02/27/04."
"83492",1002922658,"15-083-20011","SWD-P&A","Plugged and Abandoned","Disposal into Cedar Hill."
"85642",1002925159,"15-095-00405","SWD-P&A","Plugged and Abandoned","Status changed from SWD to CLASS1 per KDHE. (DRL 2-22-2012)"
"91671",1002931723,"15-125-22170","OTHER(CLASS ONE (OLD))","Approved Intent to Drill","THIS IS A DISPOSAL WELL (CUTTINGS WELL_ID=19590.) Class I injection well under KDHE authority, previous status changed from SWD to Class I (DRL 4-13-2012)"
"91672",1002931724,"15-125-22172","OTHER(CLASS ONE (OLD))","Approved Intent to Drill","THIS IS A DISPOSAL WELL (CUTTINGS WELL_ID=19591). Class I injection well under KDHE authority, previous status changed from SWD to Class I (DRL 4-13-2012)"
"97605",1002938237,"15-151-00287","OTHER-P&A(LH)","Plugged and Abandoned","THIS WAS ORIGINALLY A LOST HOLE IN 1954.  IT WAS RE-ENTERED IN 1958 AND WAS CONVERTED TO A SWD WELL. IN 1954 WHEN THIS HOLE WAS LOST, THEY SKIDDED THE RIG AND DRILLED THE BUCKLIN 'A' 1 (15-151-19036)."
"97786",1002938460,"15-151-00493","D&A","Converted to SWD Well","changed to SWD later in 1964 as part of workover."
"98581",1002939405,"15-155-00390","OTHER(CLASS ONE (OLD))","Authorized Injection Well","Well also known as HAMILTON LP GAS STORAGE 2, and Hamilton D-2(DRL 8-5-2010) Well status changed from SWD to Class I per KDHE records (DRL 5-4-2012)"
"98702",1002939562,"15-155-03189","OTHER(CLASS ONE (OLD))","","Changed from SWD to Class 1 per KDHE records. Class I Injection well under authority of KDHE, no API (DRL 5-7-2012)"
"100358",1002941435,"15-163-00411","OIL-P&A","Converted to SWD Well","elog marked Raymond SWD - bm 2/15/01"
"100807",1002941928,"15-163-00872","D&A","Plugged and Abandoned","no indication of SWD or OWWO in top cards or driller s log.  1981 elog lease name: Mayhew 3, best match for location and TD - dm 03-29-2001"
"103369",1002944879,"15-173-00195","D&A","","Status changed from SWD, spud date changed from 01 July 1959 and completion date changed from 07 January 1960 per Driller's Log. (DRL 02 2008)"
"104037",1002945846,"15-173-00905","SWD-P&A","Plugged and Abandoned","Well was dry and abandoned then converted into SWD by operator. (DRL 02 2008)"
"104847",1002946761,"15-173-03472","OIL-P&A","Plugged and Abandoned","Changed quarter calls from S2 NW SW, completion date from 11-04-1929, and status from SWD per Driller's Log (DRL 03-17-2008)"
"105167",1002947130,"15-173-03802","OTHER-P&A(CLASS ONE (OLD))","","Class 1 injection well under KDHE authority. Status changed from INJ to CLASSI (DRL 2-21-2012)"
"105179",1002947145,"15-173-03815","SWD-P&A","","Well name changed from William Brown SWD per Driller's Log. Spud and completion dates added from Driller's Log. (DRL 02 2008)"
"105266",1002947241,"15-173-30103","SWD","Well Drilled","Class 1 injection well under KDHE authority. (DRL 5-7-2012)"
"105475",1002947489,"15-175-10146","D&A","Plugged and Abandoned","Drillers log says dry, but record from Feb. 1965 (and workover record from 2000) says converted to SWD."
"105559",1002947609,"15-175-21709","SWD","Recompleted","Name listed on Cement Bond Log is Printz 1 SWD (DRL 05-05-2015)"
"107697",1002950055,"15-185-12249-0001","SWD-P&A","Approved for Plugging - CP-1 Received","GROW 4 OWWO in 1983, SWD plugged 1994"
"108097",1002950519,"15-189-00031","GAS-P&A","Converted to SWD Well","Later used as SWD."
"108277",1002950722,"15-189-30084","GAS","Converted to SWD Well","1985 SWDW MOBIL"
"110020",1002952711,"15-191-11229","D&A","","also KISKA SWD"
"110482",1002953251,"15-191-30119","SWD-P&A","Plugged and Abandoned","Originally dry; converted to SWDW 3/15/1967."
"110542",1002953315,"15-191-30189","OIL-P&A","Plugged and Abandoned","1983 OWWO as REUSSER 2 by Brandt (SWD)"
"111420",1002954326,"15-197-20020","OIL","Converted to SWD Well","On 19 Feb 2009 the KCC changed the name on this record from ROBINSON 1-SWD to HAY 2. MCM 20 Feb 2009"
"111528",1002954437,"15-197-20145","SWD","Authorized Injection Well","Well is a dual completed well - SWD and Producer - production is shut-in. Is a current, authorized disposal well. per American Energies and KCC (DS-DRL 4-28-2011)."
"112382",1002955335,"15-205-23994","OIL","Converted to SWD Well","will drill for Arbuckle for disposal later"
"116016",1004747655,"15-055-59422","OTHER(CLASS1)","","AKA Tyson #2 Jones. Class 1 injection well under authority of KDHE. (DS-DRL 3-29-2012)"
"118272",1004752721,"15-187-00197","GAS","Producing","SWD BY AMOCO 10/11/1997"
"119791",1005422294,"15-035-70708","OIL-P&A","Plugged and Abandoned","DEEPENED TO 2994 IN 1951-1952 AS SWDW"
"122558",1005703332,"15-015-20851","SWD","Authorized Injection Well","1 BOX; SAMP. READ: 1 CORBIN SWDW,990'N/450'E/C"
"125025",1005796855,"","OTHER(CLASS ONE (OLD))","","Class 1 injection well under KDHE authority. Status changed from INJ to CLASS1 (DRL 2-21-2012)"
"126737",1006016448,"15-007-21577","O&G-P&A","Converted to EOR Well","changed to SWD."
"127051",1006017078,"15-007-21914","GAS-P&A","Plugged and Abandoned","Plugged by Kevin Allam Oil Operations, converted to SWD?."
"136029",1006035227,"15-039-20257","SWD","Authorized Injection Well","Elog has lease name Lester Pool SWD #1 and has quarters SW SW SW SE, which are incorrect. (DRL 10/2007)"
"143003",1006049207,"15-053-20177","D&A","Plugged and Abandoned","ORIGINAL PLUGGING 12-01-1972. SWD OWWO PLUGGED 10-13-1999, Elog marked Northern Gas Products #2-32 - LH 6-23-2000"
"144704",1006052603,"15-055-20793","D&A","Plugged and Abandoned","OWWO AS SWDW"
"145335",1006053864,"15-055-21480","GAS-P&A","Plugged and Abandoned","Donna Dill (12/14/01): This is a wierd one, but both numbers are actually good.  15-055-21480-0001 is a gas well that is still producing.  15-055-21480 is a side string disposal that was plugged 05/16/2001."
"148236",1006059607,"15-065-20960","OIL-P&A","Converted to SWD Well","Discovery well for Penokee Northeast field. Converted to SWD well."
"151984",1006067011,"15-071-20387","SWD","Authorized Injection Well","Disposing into Lansing, Kansas City per ACO-1. (DRL 05 2008)"
"152820",1006068705,"15-075-30003","SWD-P&A","Plugged and Abandoned","I think the D on the supporting records is because this is a disposal well, so I removed the D from the lease_name. MCM 12-16-04"
"152830",1006068724,"15-075-30095","INJ-P&A","Plugged and Abandoned","per driller's log, dual completion as Disposal well (Sumner 2484-85) & Gas (Chase 2786-91) - SKS 7/5/2001"
"154686",1006072454,"15-081-10145","GAS","Inactive Well","The Kelley 'D' 1 is a SWD well.  The proration record is numbered 'D' 1, but I think it is really the 'C' 1 so I put it here.  MCM 1-16-02"
"155806",1006074692,"15-083-20055","OIL-P&A","Converted to EOR Well","Plugged by Fina Oil and Chemical Co.; may have been converted to SWD well."
"156961",1006077013,"15-083-21294","SWD","Authorized Injection Well","Disposal into Cedar Hills."
"158324",1006079742,"15-093-21306","SWD","Recompleted","Tim Carr said: This is a well that produced a little noncommercial oil from the Mississippian , then was recompleted as a salt water disposal well (probably for water from Panoma and Hugoton wells).  The oil is not from the Panoma. 06-25-2002 MCM"
"162852",1006088769,"15-101-21397","D&A","Plugged and Abandoned","OWWO as SWD in 2000 by DANE HANSEN"
"164522",1006092131,"15-113-20893","D&A","Plugged and Abandoned","SWD"
"167891",1006098867,"15-135-21049","SWD-P&A","Plugged and Abandoned","JNE 12 (CUTTINGS WELL_ID=82131)  e-log marked 150' SE of NE NE & Petersilie SWD B - EB 11-30-2201"
"168288",1006099665,"15-135-21455","SWD","Authorized Injection Well","elog lease name: Rupp A 4 SWD"
"170761",1006104614,"15-135-30066","OIL-P&A","Converted to SWD Well","Recompleted as disposal well 6/22/1982."
"173148",1006109400,"15-147-20189","OTHER-P&A(LH)","Plugged and Abandoned","Intented as SWD well. Lost Hole and plugged. Rig skidded west 6' to complete the Wiltrout 3 SWD well, 15-147-19121. Quarter calls changed from N2 NE SW NE to SE SW NE per Laughlin and Simmons Survey noted on Drillers log. (DS-DRL 2-16-2012)"
"174234",1006111579,"15-151-20727","GAS","Converted to EOR Well","Converted to SWD at some point."
"176800",1006116757,"15-155-20560","OTHER(CLASS ONE (OLD))","Well Drilled","Changed status from SWD to Class 1 and location from E2 NW to NE NE NW per KDHE records. Class 1 Injection well under KDHE authority, no API (DRL 5-7-2012)"
"177119",1006117413,"15-155-20942","D&A","Plugged and Abandoned","also 'Whited SWD #1' on log"
"177395",1006117971,"15-155-21245","SWD-P&A","Plugged and Abandoned","White & Ellis was the original operator.  Operations turned over to Falcon Exploration at 3790 feet to be deepened for disposal purposes. (DRL 03-19-07)"
"177817",1006118832,"15-159-20337","OIL-P&A","Converted to SWD Well","E logs list as SWD #2, however location matches 1. drl 03-27-06"
"178048",1006119303,"15-159-20580","OTHER(CLASS ONE (OLD))","Spudded","Class 1 injection well under authority of KDHE.(DRL 4-16-2012)"
"180415",1006124139,"15-163-20492","SWD","Recompleted","SWDW"
"182511",1006128461,"15-163-22786","SWD","Converted to Producing Well","Originally drilled as an oil well but completed as a SWD well. (drl 8-19-05)"
"182522",1006128483,"15-163-22798","SWD-P&A","Plugged and Abandoned","also Kennedy SWD #2 on log  (AB 3-30-00)"
"183646",1006130765,"15-165-20580","SWD","Injection Authorization Terminated","Class I Injection well under authority KDHE (DRL 12-29-11)"
"185521",1006134596,"15-167-20881","OIL","Authorized Injection Well","changed to SWD in 1997."
"187671",1006138936,"15-167-30043","OIL-P&A","Well Drilled","Converted to SWD at some point."
"187824",1006139241,"15-167-30270","D&A","Plugged and Abandoned","elog well header is marked Warren 2 SWD-BRB10/18/2000"
"188195",1006139991,"15-171-20015","SWD-P&A","Plugged and Abandoned","Status changed to SWD per Driller's Log and other documentation. (DRL 05 2008)"
"188793",1006141191,"15-173-20149","SWD","Well Drilled","Class 1 injection well under KDHE authority."
"188847",1006141301,"15-173-20203","OTHER-P&A(CLASS ONE (OLD))","Plugged and Abandoned","Class I Injection well under authority KDHE (DRL 12-29-2011) Converted to Class II (DRL 4/10/2012)"
"191627",1006146838,"15-179-20659","D&A","Plugged and Abandoned","VIKING RESOURCES SWD"
"198328",1006160336,"15-191-20410","D&A","Plugged and Abandoned","SWD by TXO PRODUCTION in 1981"
"199657",1006163073,"15-191-21889","D&A","Plugged and Abandoned","owwo as KOLARIK SWD  by UNION VALLEY in 1993. Location adjusted based on GPS values on OWWO. Irregular section."
"200180",1006164125,"15-193-20148","D&A","Plugged and Abandoned","OWWO as SWD in 1990."
"201029",1006165827,"15-195-20404","SWD-P&A","Plugged and Abandoned","elog marked Tidball SWD - LH 7-5-2000"
"201847",1006167466,"15-195-21267","D&A","Plugged and Abandoned","Info from the KCC, 21 May 2007, explaining why there is confusion about APIs 21267 and 20277:  15-198-20277-00-02 - SWD Application submitted in 1990 BUT submitted under 15-195-21267 Pfeifer 3 990 FSL, 990 FEL, NWSESE.  Order was written and well put on"
"202599",1006168980,"15-195-22081","SWD","Recompleted","Disposal into Cedar Hills Formation. (DRL 02 2007)"
"204048",1006513485,"15-051-70112","OIL","","Well worked over and deepened in 1955 and converted to SWD. DF, Depth, Dates and Lease Name per Deepening Record. (DRL 11-07-06)"
"207539",1006738695,"15-115-70638","SWD-P&A","Plugged and Abandoned","Well number changed from 2 SWD to 3 SWD, KB added, spud and completion dates added, per drillers log; (DRL/DRS, 09/11/2009)."
"208485",1006740005,"15-115-71366","OIL-P&A","Plugged and Abandoned","Operator changed from Knight Casing Pulling Co. to Francis Hawn, status changed from SWD to Oil, and IP added per drillers log; DRL-DRS, 03-11-2009."
"229505",1006769314,"15-015-78102","OIL-P&A","Plugged and Abandoned","Converted to SWD. Plugged by Thomas E. Wilkinson."
"232201",1006772806,"15-015-70180","SWD-P&A","Plugged and Abandoned","Well plugged by W.M.J. CO. Elog lists quarter calls as SE SE SE. Drillers log states well use: water supply. SWD use from KCC plugging record (DRL-DS 6/16/2010)."
"236639",1006779084,"15-035-72239","SWD-P&A","Plugged and Abandoned","SWD"
"246627",1006807844,"15-159-72079","SWD-P&A","Plugged and Abandoned","Lease name and quarter calls changed to match top card, confirmed by total depth and SWD-BJB 6/28/00"
"248317",1006821436,"15-119-70553","SWD-P&A","Plugged and Abandoned","Operator at plugging is RAMA Operating. Well entered from workover ACO-1 conversion to SWD, completion date of original well stated 1976, TD 6280. KGS has no ACO-1 for original well. (DRL 07-13-09)"
"250666",1012744110,"15-113-20784","SWD","Authorized Injection Well","THIS IS A SALT WATER DISPOSAL WELL."
"250895",1020065650,"","OTHER()","","elog marked in pencil, Collins SWD 1-BRB10/9/2000  quarter call & KB not on elog thus top card/ACO1 not identifiable for well number-BRB10/9/2000"
"252090",1022167742,"15-055-21480-0001","GAS","Producing","Donna Dill (12/14/01): This is a wierd one, but both numbers are actually good.  15-055-21480-0001 is a gas well that is still producing.  15-055-21480 is a side string disposal that was plugged 05/16/2001."
"254201",1025686518,"15-067-10025","SWD-P&A","Plugged and Abandoned","Elogs marked McGannon Disposal 2. Lane-Well log a pages photocopy."
"254689",1025687343,"15-175-00119-0001","OIL","Recompleted","Well from 1964, plugged back in 1966. Converted to SWD in 1998."
"254743",1025712560,"15-081-30082-0001","SWD-P&A","","From Donna Dill at the KCC: 15-081-30081-0000 is the Fromong 1 drilled in 1965.  It was reworked as a SWD well in 1983 and called the Fromong 2. There is another Fromong 2 (15-081-30082-0000) drilled in 1966.   MCM 12-29-03"
"256127",1025720727,"15-055-20352-0001","SWD-P&A","Plugged and Abandoned","Dual completion, gas from Chase and disposal in Marmaton."
"256336",1025722131,"15-205-23404","SWD","Authorized Injection Well","operator, API, elevation, TD, spud, comp dates per ACO1 - SKS 6/10/2002  elogs mismarked Clinesmith 1-B SWD; Location listed as 260 feet FNL per Completion Report (KGS-DRL 6-24-2016)."
"256352",1025724716,"15-093-21306-0001","SWD","Recompleted","Tim Carr said: This is a well that produced a little noncommercial oil from the Mississippian , then was recompleted as a salt water disposal well (probably for water from Panoma and Hugoton wells).  The oil is not from the Panoma. 06-25-2002 MCM"
"256428",1025759678,"15-033-20450-0001","GAS","Authorized Injection Well","and SWD."
"256489",1025759788,"15-119-10196-0001","SWD","Converted to EOR Well","Well status changed from D&A to SWD per Completion form, spud date was prev. listed in database as 04-01-1983 but compl form rec'd at KCC 02-19-1982 and log run 02-02-1982. (DRL 02-25-2009)"
"267524",1025829545,"15-051-23717","D&A","Plugged and Abandoned","On 28 Jan 2008, the KCC changed the name on this record from FRISBIE 1-SWD to RICHARDS 2. MCM 29 Jan 2008"
"267713",1025830115,"15-195-20608-0001","SWD","Authorized Injection Well","Injecting into Cedar Hills; ACO-1 lists well name and number as Duncan SWD. (DRL 11-27-2007)"
"269638",1026517781,"15-007-00572-0001","SWD","Authorized Injection Well","Previous name was Garner SWD 1, changed by KCC."
"273067",1026595989,"15-023-20441","OIL","Converted to EOR Well","ACO-1 states well use as oil, Status was previously listed as SWD. (DRL-DS 3-31-09)"
"275097",1026641891,"15-007-00581-0001","INJ","Converted to Producing Well","Well previously named Updegraff #1; ACO-1 also lists as a SWD well - 5/11/04 ABC"
"279489",1026658852,"15-151-20689-0001","SWD","Authorized Injection Well","WELL WAS RECLASSIFIED FROM A CLASS I INJECTION WELL TO CLASS II INJECTION WELL - date unavailable (DRL per KCC 11-8-2011)"
"279579",1026659026,"15-119-20754-0001","GAS-P&A","Authorized Injection Well","also SWD."
"280159",1027627321,"15-057-20313-0001","SWD","Recompleted","Disposal into Mississippian Osage"
"280247",1027629279,"15-005-20116","SWD-P&A","Plugged and Abandoned","ACO-1 lists lease as 20104 JV-P Walnut 5 SWD. (DRL 07/2007)"
"288125",1027806683,"15-125-22744","OTHER(CLASS ONE (OLD))","Approved Intent to Drill","Class I injection well under KDHE authority, previous status changed from SWD to Class I (DRL 4-13-2012)"
"288842",1027808461,"15-161-19033","OIL","Converted to SWD Well","Footages changed from 845 FNL, 831 FEL to 1795 FNL, 1809 FEL. 845 FNL, 831 FEL were measured from center of section. TD changed from 2059 to 1617 per completion form. 7-21-1964 SWD OWWO record added to database (DRL-DS 10-27-2010)"
"291643",1027935677,"15-125-26707","OIL","Converted to SWD Well","Well type changed from Oil to SWD per ACO-1.(DRL-DS 07-14-2011) WELL TYPE CHANGED BACK TO OIL. OWWO WAS SWD. -RLH 09/02/11"
"292659",1027962888,"15-131-20027-0001","SWD","Recompleted","SWD disposal status and lease number assignment confirmed by operator on 06/12/12."
"292809",1028007906,"15-019-26587","CBM","Converted to Producing Well","Dual completed, gas Holdenville and Mulky, SWD inj to Burgess Sand. Location changed from NW SE, 1980 FSL 1980 FEL to SW NE NW SE 2049 FSL 1711 FEL per OWWO and aerial image. (DLS-DRL 3-11-2015)"
"296331",1028017328,"15-051-00395-0001","OIL-P&A","Plugged and Abandoned","Plugged by Berexco, Inc.; converted to SWD after 1998."
"296534",1028094898,"15-051-23312-0002","SWD","Injection Authorization Terminated","AB-LOC SWD"
"304970",1028444289,"15-051-20970-0001","SWD-P&A","Plugged and Abandoned","Unapproved SWD"
"305415",1028477209,"15-051-20397-0001","SWD-P&A","Plugged and Abandoned","SWD by Thomason Oil Company"
"305430",1028477359,"15-155-01490-0001","GAS-P&A","","Also SWD. Discovery well for Castleton field."
"305933",1028642304,"15-049-22390","SWD","Authorized Injection Well","Arbuckle (Disposal Zone)"
"311654",1029101278,"15-121-27768","SWD","ON LIST","Disposal into Cherokee Group."
"312748",1030278155,"15-009-00362-0001","OIL-P&A","Plugged and Abandoned","converted to SWD. Discovery well for Unruh field."
"312811",1030278917,"15-001-29045","SWD","Authorized Injection Well","Disposal into Arbuckle."
"312818",1030278931,"15-001-29052","SWD","Approved Intent to Drill","Disposal into Arbuckle."
"312939",1030279191,"15-081-30081-0001","SWD-P&A","Authorized Injection Well","From Donna Dill at the KCC: 15-081-30081-0000 is the Fromong 1 drilled in 1965.  It was reworked as a SWD well in 1983 and called the Fromong 2. There is another Fromong 2 (15-081-30082-0000) drilled in 1966.   MCM 12-29-03"
"313191",1030279963,"15-081-30081","O&G-P&A","Plugged and Abandoned","From Donna Dill at the KCC: 15-081-30081-0000 is the Fromong 1 drilled in 1965.  It was reworked as a SWD well in 1983 and called the Fromong 2. There is another Fromong 2 (15-081-30082-0000) drilled in 1966.   MCM 12-29-03"
"314693",1030282162,"15-163-02844","SWD","Authorized Injection Well","On 2 Jul 2007, the KCC renamed this record from BARRY LKC UNIT 6-20 to BARRY SWD SY D11. MCM 3 Jul 2007"
"315606",1030455643,"15-031-22002","SWD","Authorized Injection Well","Water Disposal Well"
"315770",1030456001,"15-125-19806","OTHER(TA)","Producing","Changed status because the field WELL_CLASS said 'Temporarily abandoned.'  This is a field that is maintained by the KCC.  MCM 3-2-04"
"318407",1030680873,"15-075-20281-0001","D&A","Plugged and Abandoned","Some work done to convert to SWD, but deemed uneconomic."
"319085",1031002558,"15-051-19075-0001","SWD-P&A","Plugged and Abandoned","Disposal into Cedar Hills Formation per ACO-1. (DRL 12-05-06)"
"319113",1031002616,"15-065-01013-0002","SWD","Recompleted","It appears that the KCC changed the API from 15-065-03396-0002 to 15-065-01013-0002. MCM 15 Jun 2007    disposal formation: cedar hill"
"319708",1031009605,"15-115-70671","OIL-P&A","","Original operator name changed from Rounds & Stewart to Clifton L. McCown; status changed from SWD to OIL; IP and producing zone added; per drillers log; (Note: scout card says dual completion, oil from Miss., disposal in Arbuckle); (DRL/DRS, 12-04-2009)"
"319710",1031009751,"","OTHER(CLASS ONE (OLD))","","Class 1 Injection well (nonhazardous disposal well). KDHE permit no. KS-01-055-003. It was drilled to 5800, then directionally W NW within the Arbuckle formation.  TD 7115, true vertical TD 6470.  API no. of 15-175-21791 listed on some records is not val"
"320554",1031331686,"15-079-20198-0001","GAS-P&A","Converted to EOR Well","converted to SWD"
"320662",1031332555,"15-007-21262-0001","SWD-P&A","Plugged and Abandoned","SWD by CMX"
"321050",1031373177,"15-195-01012-0001","OIL","Converted to Producing Well","Dual Completion: Disposal Formation is Arbuckle. (DRL 11-13-06);   The previous API for this record was 15-195-00959-0001. MCM 05-15-2006"
"321997",1031431081,"15-051-01066-0002","OIL","Producing","Attempt to convert well to disposal well failed, per ACO-1. (DRL 09-25-06)"
"330544",1031519042,"15-077-01064","LOC","Cancelled API Number","Elog marked SW SW SE and well name Grabs SWD #1 (DRL 12-21-06)"
"340663",1031939347,"15-137-19033","LOC","Expired Intent to Drill (C-1)","AB-LOC of SWD"
"341077",1031994692,"15-077-20652-0002","SWD-P&A","Plugged and Abandoned","Also SWD."
"341846",1032412491,"15-055-20841","GAS","Converted to SWD Well","ACO-1 reported well in Range 34W, corrected to 33W per operator, T-1, KCC. Application for SWD was received 7-29-1998, Dismissal of Injection Applic for SWD Authority was issued on 4-3-07 by KCC. Field Inspection by KCC 8-19-02 well is a gas producer. (D"
"342392",1032455291,"15-185-00049-0001","SWD-P&A","Plugged and Abandoned","Probably two workovers, Sept. 1963 D&A and 1964 as SWDW.  Scout cards for both."
"343476",1032577274,"15-159-03770-0001","SWD","Authorized Injection Well","Disposal intoo Arbuckle."
"345407",1033431843,"15-099-23755","LOC","Expired Intent to Drill (C-1)","AB LOC of SWD"
"345465",1033431961,"15-125-30794","SWD","Authorized Injection Well","Disposal into Arbuckle."
"345935",1033438720,"15-027-20021-0001","OIL","Producing","Status changed from SWD per ACO-1. (DRL 09 2007)"
"347026",1033661043,"15-095-00400-0002","GAS-P&A","Plugged and Abandoned","I am guessing this is the second workover, although the KCC record says it is the first.  The dates are too different and it is GAS and the original well was dry, and the first workover was SWD, so I do think this is a separate workover. MCM 10-12-2005"
"348348",1033722365,"","OTHER(CLASS ONE (OLD))","","Class 1 Injection well under authority KDHE, KDHE permit KS-01-155-008 (DRL 4-4-2012)Large e-logs split between multiple files by depth (DRL 4-9-2012)"
"348600",1033763995,"15-099-23833","LOC","Expired Intent to Drill (C-1)","Expired intent for SWD well."
"350895",1033972187,"15-053-20001-0001","SWD-P&A","","The KCC had a scout card that allowed us to figure out that the KRENKE 'A' 3 was a workover of the Peterman 1, and that it was a SWD well in the end and that it was plugged. 03-09-2006"
"351312",1033973088,"15-077-21549","SWD","Authorized Injection Well","Despite SWD designation, listed as infield discovery well for Crystal Springs South field, Mississippian gas."
"352349",1034469000,"15-039-20969","SWD","Recompleted","ACO-1 lists status as SWD with no production or producing formation. (DRL 03 2008)"
"352787",1034469890,"15-099-23903","SWD","Recompleted","Changed status from SWD per ACO-1. (DRL 04-29-2008)"
"353046",1034470412,"15-133-26580","SWD","Authorized Injection Well","Disposal into Cherokee coals (based on Intent)"
"353942",1034571694,"15-099-23925","CBM","Producing","Status changed from SWD to Shut-in CBM per ACO-1. (DRL 10 2007)"
"353943",1034571696,"15-099-23926","CBM","Recompleted","Changed total depth from 834 per ACO-1. Status changed from SWD to Shut-in CBM per ACO-1. (DRL 10 2007)"
"353944",1034571698,"15-099-23927","CBM","Recompleted","Changed status from SWD per ACO-1. (DRL 04-29-2008)"
"353945",1034571700,"15-099-23928","LOC","Expired Intent to Drill (C-1)","AB LOC of SWD"
"353946",1034571702,"15-099-23929","LOC","Expired Intent to Drill (C-1)","AB LOC of SWD"
"353947",1034571704,"15-099-23930","CBM","Producing","Status changed from SWD to Shut-in CBM per ACO-1. (DRL 10 2007)"
"353952",1034571714,"15-099-23935","CBM","Producing","Status changed from SWD to Shut-in CBM per ACO-1. (DRL 10 2007)"
"353955",1034571720,"15-099-23938","CBM","Producing","Status changed from SWD to Shut-in CBM per ACO-1. (DRL 10 2007)"
"353957",1034571724,"15-099-23940","CBM","Converted to Producing Well","Changed status from SWD per ACO-1. (DRL 04-29-2008)"
"354588",1034869693,"15-023-20682","SWD","Authorized Injection Well","Disposal into Cedar Hills. TD corrected from 3427 to 3247 per second ACO-1, elogs. (DRL-DS 6-11-2013)"
"355147",1034870866,"15-189-22534","LOC","Cancelled API Number","AB LOC of SWD"
"359171",1035941205,"15-099-24075","CBM","Producing","Status changed from SWD to Shut-in CBM per ACO-1. (DRL 10 2007)"
"359684",1035942243,"15-155-19043","SWD","Authorized Injection Well","This well is a workover of an oil well completed 12-31-1966; was converted to a SWD. (DRL 02-01-2013)There was an additional record in the KGS database for this well in sec. 24, with API 15-155-30158 for some time. Corrected to sec 17 per KCC (DLS-DRL 02"
"361982",1036119576,"15-055-90083","OTHER(CLASS ONE (OLD))","","Lease name and operator taken from electric logs with same location (DRL 8-11-11) Changed status from EOR to Class 1 and location from E2 to SW NE SE per KDHE records. Class 1 Injection well under KDHE authority, no API (DRL 5-7-2012)"
"365472",1036126105,"15-051-23946-0002","SWD","Authorized Injection Well","Disposal into Cedar Hills."
"365922",1036127121,"15-195-20277-0002","SWD-P&A","Plugged and Abandoned","Info from the KCC, 21 May 2007, explaining why this series of records is so confusing:  15-198-20277-00-02 - SWD Application submitted in 1990 BUT submitted under 15-195-21267 Pfeifer 3 990 FSL, 990 FEL, NWSESE.  Order was written and well put on Docket"
"366109",1036145514,"15-205-27005","SWD","Authorized Injection Well","Pennsylvanian Coals (Disposal Zone)"
"366457",1036146748,"15-191-01512-0001","LOC","Expired Intent to Drill (C-1)","AB-LOC of SWD"
"366863",1036236449,"15-195-21847-0001","SWD","Authorized Injection Well","Disposal into Cedar Hills."
"367534",1036244697,"15-059-25190","EOR","Authorized Injection Well","ACO-1 Status displays Oil (DRL 1-16-2009)"
"368527",1036283226,"15-175-60002-0001","OTHER(CLASS ONE (OLD))","Authorized Injection Well","Class I well under KDHE authority, converted to Class II (DRL 7-31-2012)"
"368592",1036283823,"15-167-23408","SWD","Authorized Injection Well","Disposal into Arbuckle."
"370035",1036443720,"15-091-00002","OTHER(CLASS ONE (OLD))","","Class 1 Disposal well under authority of KDHE. This is an older disposal well, a newer Disposal well 2 was drilled in 2006 within a few hundred feet. Survey does not have documents for this well, but does have cuttings.(DS-DRL 2-10-2012). Total depth det"
"371780",1036762229,"15-133-26893","OIL","UIC Application Withdrawn","Corrected Notice of Intent - Well name from Van Cleave SWD 18-1 to Van Cleave 18-1"
"372023",1036763967,"15-055-20841-0001","SWD","UIC Application Dismissed","Application for SWD was received 7-29-1998, Dismissal of Injection Applic for SWD Authority was issued on 4-3-07 by KCC. Field Inspection by KCC 8-19-02 well is a gas producer. (DS 11-02-2009)"
"375024",1037027111,"","OTHER(CLASS ONE (OLD))","","Class 1 Injection Well, KDHE Permit No. KS-01-155-009; Disposing into Arbuckle 4055' to 4740'."
"375178",1037027426,"15-195-22467","SWD","Authorized Injection Well","Disposal into Arbuckle; Field listed as Maddie on ACO-1 (sp. on ACO-1 as Mattie). Completion date changed from 31 July 2007. (DRL 12 2007)"
"376221",1037036111,"15-205-27256","SWD","Authorized Injection Well","Disposal into Arbuckle"
"379486",1037337104,"15-049-21858","OIL-P&A","Converted to SWD Well","Converted to SWD 11-2-1988 API 15-049-21858-0001"
"379727",1037337381,"15-007-20012","OIL-P&A","Converted to SWD Well","Later operator Indian Oil Co., who probably did the SWD conversion. Other API 15-007-30313."
"381680",1037351510,"15-019-26849","SWD","Authorized Injection Well","Disposal into Arbuckle."
"383896",1037782847,"","OTHER(CLASS ONE (OLD))","","Current Operator Occidental Chemical. Class I UIC Permit No. KS-01-173-010; Injection zone Simpson, Arbuckle; Data source: Kansas Department of Health & Environment, Bureau of Water - MTD 02/08/2008   Status changed from INJ to CLASS1 per KDHE (DRL 2-21-"
"385242",1037929258,"15-079-00642-0001","EOR-P&A","Plugged and Abandoned","Other operators: Operator changed from Texaco, Inc to Brigman Production, Inc., then to Val Energy, Inc (KCC) Spud date taken from date on wireline log. Depth from KCC UIC record. Log records 3490 as TD. Wireline log calls well SWD. (DRL-DS 3-8-2010)"
"388299",1038329619,"15-115-19139","OIL","Authorized Injection Well","Quarters changed from SE NE SW to SW NE SW, elev. from 1331 to 1381 KB, and status from SWD to Oil per drillers log; TD, spud and completion dates, and IP added per drillers log; DRL-DRS, 03-11-2009."
"388694",1038337695,"15-019-26924","SWD","Authorized Injection Well","Disposal into Arbuckle"
"389090",1038340736,"15-083-21568","SWD","Authorized Injection Well","Other operator Pintail Petroleum, Ltd., who gave over well when SWD decision was made. Original name was Tammen 'C' WFO 1-30."
"389907",1038514588,"15-135-24843","SWD","Authorized Injection Well","Well was intented as Carlson-Armstrong Unit 1-7, but changed as part of SWD application. Footages changed based on GPS."
"390220",1038574510,"15-007-23367","SWD","Authorized Injection Well","Originally filed as oil/gas well. Converted to saltwater disposal well once drilled. Source: KCC. Injection into Arbuckle."
"390523",1038578055,"15-081-21838","GAS","Producing","Info from DOR 26 Feb 2009: Lease 139805, (API 15-081-21838) had a name change from Smith Z-1 to McCoy C-2. Per the operator, 'the well was classified as an oil well and later  the composition of production (ratio of gas to oil) was changed and was reclas"
"390982",1038698729,"15-009-25275","SWD","Authorized Injection Well","Disposal into Arbuckle."
"391056",1038699905,"15-125-31808","SWD","Authorized Injection Well","Disposal into Arbuckle."
"391193",1038700048,"15-009-06900-0001","SWD","Authorized Injection Well","other API was 15-009-90927. Orig drilled by Sun Oil as McKinney 1,compl 8-3-1955, TD 3580, D&A. Drilled deeper by Honaker and Davis 5-2-1956, renamed McKinney 2, TD 3610, TA.  Then deeper to 3741, Converted to SWD 8-14-1956 and renamed B-2(DLS-DRL 12-18-"
"393304",1039253608,"15-167-07950-0001","SWD-P&A","","Well added per info on Western KS Oil and Refg. Schneider 2 card. re. OWWO conversion to SWD. (DS 02-02-2002)"
"395947",1040722255,"15-197-20265-0001","SWD-P&A","UIC Application Dismissed","Application for SWD was received but before any action was taken well was plugged (DRL per KCC) Footage changed from 3620 FNL to 1320 FNL per ACO-1 and aerial images. (DS-DRL 12-02-2010)"
"396654",1040855994,"15-001-29920","LOC","Cancelled API Number","SWD AB LOC"
"396751",1040856877,"15-019-26589-0001","CBM","Producing","Disposal into Burgess."
"402213",1042327896,"15-031-22585","SWD","Authorized Injection Well","Disposal into Lansing-Kansas City."
"406822",1043018106,"","INJ","","Class 1 injection well under authority of KDHE. Injecting into Arbuckle. Compl date estim from letters. Latitude longitude values from Petrotek.(DS-DRL 12-2010)"
"406823",1043018109,"","OTHER(CLASS ONE (OLD))","","Class 1 injection well under KDHE authority. Status changed from INJ to CLASS1 (DRL 2-21-2012)"
"407045",1043121905,"15-207-27724","OIL","Converted to EOR Well","Name and status changed from SWD to Oil on ACO-1."
"407630",1043230810,"","OTHER(CLASS ONE (OLD))","","Class 1 Injection Well under authorization by KDHE. Status changed from INJ to CLASS1 (DRL 2-21-2012)"
"408047",1043235767,"15-131-20027-0002","SWD","Authorized Injection Well","SWD disposal status and lease number assignment confirmed by operator on 06/12/12."
"409077",1043343835,"","OTHER(CLASS ONE (OLD))","","DATA PER RECORDS AT KG SOCIETY IN WICHITA. (RLH 01-26-2011) Class 1 injection well under authority of KDHE, no API. Current operator listed as 'Kansas Ethanol,' status changed from 'INJ' to 'Class 1' (DRL 4-16-2012)"
"410444",1043458193,"15-207-27792","SWD","Authorized Injection Well","Disposal into Arbuckle."
"410688",1043560458,"15-185-00072-0001","LOC","Expired Intent to Drill (C-1)","AB LOC SWD"
"412119",1043696948,"15-049-21858-0001","SWD-P&A","Plugged and Abandoned","Original well converted to SWD API 15-049-21858"
"412923",1043917825,"15-207-27871","LOC","Expired Intent to Drill (C-1)","AB LOC SWD"
"413193",1043924111,"15-163-23960","SWD","Authorized Injection Well","Disposal into arbuckle"
"413617",1043936607,"15-191-22623","LOC","Expired Intent to Drill (C-1)","Expired intent for SWD."
"415763",1043981335,"15-031-23034","LOC","Expired Intent to Drill (C-1)","AB LOC SWD"
"416276",1043994238,"","OTHER(NHDW)","","Non Hazardous Class 1 Disposal Well KDHE Permit - KS-01-159-008. MTD, WWSL, 09-06-2011"
"416365",1043995056,"15-195-22735","SWD","Authorized Injection Well","Pintail Petroleum only drilled hole, Whitetail Crude completed well as SWD; Corrected ACO-1 pending (DS-  DRL 03-12-2013 per Pintail Petr)"
"417072",1044009375,"15-077-21769","LOC","Expired Intent to Drill (C-1)","AB-LOC SWD"
"417090",1044010414,"15-077-21771","LOC","Expired Intent to Drill (C-1)","AB-LOC SWD"
"417427",1044018314,"","OTHER(CLASS ONE (OLD))","","Class I injection well under authority KDHE. Well defunct in 2011 per KDHE, exact date unavailable (DRL 11-8-2011)Changed quarter call location from NE to NW SW NE per KDHE records (5-7-2012)"
"417884",1044030717,"15-077-21778","LOC","Expired Intent to Drill (C-1)","AB LOC SWD"
"418336",1044039141,"","OTHER(CLASS ONE (OLD))","","Well added per class I injection well priority list for KGS CO2 project (DRL 12-16-11)"
"418337",1044039154,"","OTHER(CLASS ONE (OLD))","","Class I Injection Well under authority KDHE, no API (DRL 12-16-11)       (Well entry may match existing well: 'Midwest Underground Storage Fee 1' API: 15-113-20119)"
"418502",1044044287,"","OTHER(CLASS ONE (OLD))","","Class I Injection Well under authority KDHE, no API (DRL 12-29-11)"
"418503",1044044289,"","OTHER(CLASS ONE (OLD))","","Class I Injection Well under authority KDHE, no API (DRL 12-29-11) May match existing well KID 1002877237 (DRL 5-4-2012)"
"418504",1044044291,"","OTHER(CLASS ONE (OLD))","","Class I Injection Well under authority KDHE, no API (DRL 12-29-11)       Well entry could match with existing well: Conway Undrgrd LPG 2, API: 15-113-20546  (DRL 12-29-11)"
"418505",1044044293,"","OTHER(CLASS ONE (OLD))","","Class I Injection Well under authority KDHE, no API (DRL 12-29-11)"
"418506",1044044300,"","OTHER(CLASS ONE (OLD))","","Class I Injection well under authority KDHE, no API (DRL 12-29-11)Logs compiled together in best possible manner from separate copies (DRL 8-1-2012)"
"418507",1044044302,"","OTHER(CLASS ONE (OLD))","","Class I Injection well under authority KDHE, no API (DRL 12-29-11)    Well entry may match existing well: 'CLASS-1 NON-HAZD DISPOSAL,' KID 1043454619 same location (DRL 12-29-11)  Discrepancy--KDHE logs indicate location in SE SE NE and NE SE NE (DRL 1-1"
"418508",1044044304,"","OTHER(CLASS ONE (OLD))","","Class I injection well under authority KDHE, no API (DRL 12-29-11)    (Well entry may match existing well in same location: Gingerich #1) (DRL 12-29-11)"
"418613",1044046894,"","OTHER(CLASS ONE (OLD))","","Class I Injection Well under authority KDHE, no API (DRL 1-4-12)"
"418614",1044046924,"","OTHER(CLASS ONE (OLD))","","Class I Injection Well under authority KDHE, no API (DRL 1-4-2012)    Well may correspond to Abbott 1 lease in same section, API 15-173-20350 (DRL 1-4-2012)"
"418615",1044046926,"","OTHER(CLASS ONE (OLD))","","Class I Injection Well under authority KDHE, no API (DRL 1-4-2012) Well depth taken from well log"
"418616",1044046928,"","OTHER(CLASS ONE (OLD))","","Class I Injection Well under authority KDHE, no API (DRL 1-4-2012)"
"418617",1044046930,"","OTHER(CLASS ONE (OLD))","","Class I Injection Well under authority KDHE, no API (DRL 1-4-2012)"
"418618",1044046935,"","OTHER(CLASS ONE (OLD))","","Class I Injection well under KDHE authority, no API (DRL 1-4-2012)"
"418619",1044046937,"","OTHER(CLASS ONE (OLD))","","Class I Injection Well under KDHE authority, no API (DRL 1-4-2012)  Well may correspond to Hamilton 1 well, operator Cities Service Oil,  API 15-155-00062 (DRL 2-6-2012)"
"418801",1044048679,"","OTHER(CLASS ONE (OLD))","","Class I Injection Well under authority KDHE, no API (DRL 1-11-2012)  Well data added per log info from KDHE, may match existing well API 15-093-20063 (DRL 1-11-2012)Operator formerly Colorado Interstate Gas Company (DRL 5-7-2012)"
"418830",1044049131,"15-091-20228","OTHER(CLASS ONE (OLD))","","Class I Injection Well under authority KDHE (DRL 1-12-2012)  Well may match Deffenbaugh Industries Class I well in same section (DRL 1-12-2012)"
"418886",1044051372,"","OTHER(CLASS ONE (OLD))","","Class I Injection well under authority KDHE, no API (DRL 1-17-12)  Operator changed from Koch to Oxy per KDHE logs, depth changed from 4752 to 4666 (DRL 4-9-2012)"
"419058",1044053135,"","OTHER(CLASS ONE (OLD))","","Class I Injection Well under authority KDHE, no API (DRL 1-20-2012)  Well operator changed from 'Oxy Inc' to 'Koch' per KDHE records, as well as name change from 'Hamilton WWD 3' to 'Koch Fractionator 3'(DRL 1-25-12)Operator changed from Koch to Oneok pe"
"419155",1044054361,"","OTHER(CLASS ONE (OLD))","","Class I Injection well under authority KDHE, no API (DRL 1-24-12)  KDHE elogs indicate former operators were Cities Service Oil and Gas and Oxy, well location, date, and depth per elog information (DRL 1-24-12)Operator changed from Koch to Oneok per KDHE"
"419859",1044063517,"15-019-27153","LOC","Cancelled API Number","AB LOC SWD"
"419953",1044064162,"","OTHER(CLASS ONE (OLD))","","Class I Injection Well under KDHE authority. No API (DRL 2-13-2012) Well may correspond to Great Bend Packing 1 in same section (DRL 2-13-2012)"
"419995",1044064558,"","OTHER(CLASS ONE (OLD))","","Class I injection well under KDHE authority. No API (DRL 2-14-2012) Well may correspond to existing well 'SCHROEDER 2' operator Northern Gas Products or 'Bushton OWWO' operator Gulf Interstate in same section. Depth taken from Bushton  (DRL 2-14-2012)"
"420275",1044066562,"","OTHER(CLASS ONE (OLD))","","Class I injection well under KDHE authority. No API (DRL 2-21-2012)  Well may match existing 'Mullinville 1' well in same section. API 15-097-00170 (DRL 2-21-2012)"
"420771",1044076443,"","OTHER(CLASS ONE (OLD))","","Class I injection well under KDHE authority, no API (DRL 1-6-12)  Location, date, and depth added per e-log record from KDHE (DRL 1-6-12)"
"420883",1044078491,"","OTHER(CLASS ONE (OLD))","","Class I Injection well under authority KDHE, no API (DRL 3-13-12) Well may correspond to existing SWD well in same section (DRL 3-13-2012)Quarter calls and well info per logs from KDHE (DRL 3-13-2012)"
"421128",1044080821,"15-077-21832","LOC","Expired Intent to Drill (C-1)","AB LOC SWD"
"421441",1044085105,"","OTHER(CLASS ONE (OLD))","","Class I injection well under authority KDHE, no API (DRL 4-4-2012)  Well may correspond to exisiting Northern Natural Gas 'Schroeder SWD 3' in same section (DRL 4-6-2012)"
"421607",1044091401,"","OTHER(CLASS ONE (OLD))","","Class I injection well under KDHE authority, no API.KDHE Permit No. KS-01-111-001  Former Operator was Iowa Beef Processors Inc. (DRL 4-20-2012)"
"421608",1044091403,"","OTHER(CLASS ONE (OLD))","","Class I injection well under KDHE authority, no API. Well may correspond to existing well with API 15-035-72246 and B&S Well Service operator. (DRL 4-13-2012)"
"421609",1044091405,"","OTHER(CLASS ONE (OLD))","","Class I injection well under KDHE authority, no API (DRL 4-13-2012)"
"421610",1044091408,"","OTHER(CLASS ONE (OLD))","","Class I injection well under KDHE authority, no API (DRL 4-13-2012)"
"421611",1044091410,"","OTHER(CLASS ONE (OLD))","","Class I injection well under KDHE authority, no API. Well may correspond to existing well with API 15-159-00086 (DRL 4-13-2012)"
"421612",1044091412,"","OTHER(CLASS ONE (OLD))","","Class I injection well under KDHE authority, no API (DRL 4-13-2012)"
"421671",1044091852,"","OTHER(CLASS ONE (OLD))","","Permitted, Not Drilled. Class 1 injection well under authority of KDHE, no API KDHE Permit No. KS-01-113-007(DRL 4-16-2012)"
"421672",1044091854,"","OTHER(CLASS ONE (OLD))","","Class 1 injection well under authority of KDHE. Well may correspond to existing well 'Wolf 1'with API 15-159-03333 and KID 1001281897 (DRL 4-16-2012)"
"421709",1044092157,"","OTHER(CLASS ONE (OLD))","","Class I Injection well under authority of KDHE, no API. Well may correspond to Hutchins 1 well with KID 1001282244. (DRL 4-17-2012)"
"421710",1044092159,"","OTHER(CLASS ONE (OLD))","","Class I Injection well under authority of KDHE, no API (DRL 4-17-2012)"
"421711",1044092164,"","OTHER(CLASS ONE (OLD))","","Class I injection well under authority of KDHE, no API (DRL 4-17-2012)"
"421712",1044092167,"","OTHER(CLASS ONE (OLD))","","Class I Injection well under authority of KDHE, no API (DRL 4-17-2012)"
"421713",1044092212,"","OTHER(CLASS ONE (OLD))","","Class I injection well under authority KDHE, no API (DRL 4-13-2012)Well may correspond to well with API 15-053-19058 in same section (DRL 4-13-2012)"
"421861",1044093191,"","OTHER(CLASS ONE (OLD))","","Class I injection well under authority of KDHE, no API. Operator formerly Iowa Beef Processors. Well depth, drilling date, etc. taken from KDHE e-logs (DRL 4-20-2012)"
"422383",1044101047,"","OTHER(CLASS ONE (OLD))","","Class I injection well under KDHE authority. May be well with KID 1043447432 (DRL 5-7-2012)"
"422384",1044101049,"","OTHER(CLASS ONE (OLD))","","Class I Injection well under authority KDHE, no API. Possibly well with KID 1002915459 in same section (DRL 5-7-2012)"
"422391",1044101155,"15-033-21635","LOC","Expired Intent to Drill (C-1)","AB-LOC SWD"
"423097",1044113123,"15-191-22653","LOC","Expired Intent to Drill (C-1)","AB LOC SWD"
"423467",1044121774,"15-135-25416","LOC","Expired Intent to Drill (C-1)","AB LOC SWD"
"424884",1044138939,"15-079-20692","SWD","Authorized Injection Well","Name corrected from Nattier 1-16V SWD to Nattier 16V-1 SWD per operator (DRL 7-11-2013)"
"425124",1044141089,"","OTHER(CLASS ONE (OLD))","","Class I injection well under KDHE authority, no API (DRL 7-30-2012)"
"425125",1044141094,"","OTHER(CLASS ONE (OLD))","","Class I injection well under KDHE authority, no API (DRL 7-30-2012)"
"425126",1044141096,"","OTHER(CLASS ONE (OLD))","","Class I injection well under KDHE authority, no API (DRL 7-30-2012)"
"425127",1044141101,"","OTHER(CLASS ONE (OLD))","","Class I injection well under KDHE authority, no API (DRL 7-30-2012)"
"425151",1044141485,"","OTHER(CLASS ONE (OLD))","","Class I Injection well under KDHE authority, no API (DRL 7-31-2012)"
"425152",1044141487,"","OTHER(CLASS ONE (OLD))","","Class I Injection well under KDHE authority, no API. Could correspond to 'McGannon 3' in same section with API 15-067-20609-0001 (DRL 7-31-2012)"
"425645",1044152611,"15-083-21835","LOC","Cancelled API Number","AB LOC SWD"
"426655",1044173306,"15-011-01232","OTHER(WATER)","Producing","this well's completion report previously linked to the Woodward 1 SWD well, removed and merged with this KCC Water Supply well record 15-011-01232(DLS-DRL 2015-03-13)"
"427357",1044181192,"15-077-10015-0001","SWD-P&A","Well Drilled","Conv. to SWDW by White Supply re API15-077-10015. (CUTTINGS WELL_ID=113722)"
"429650",1044214429,"","OTHER(CLASS ONE (OLD))","","Deep Class V well regulated by KDHE, per KDHE (DLS-KGS 8-17-2017) well added per Gerlach records, no API (JAR 1-11-2012)"
"432394",1044246645,"15-155-21655","LOC","Expired Intent to Drill (C-1)","AB LOC SWD"
"432411",1044246662,"15-155-21652","LOC","Expired Intent to Drill (C-1)","AB LOC SWD"
"435282",1044577786,"15-195-33071","OIL-P&A","Converted to SWD Well","According to completion card, well was plugged back in April of 1963 and converted to a Cedar Hill SWD. (KCC)plugging date added to record 2015-03-19 (DLS)"
"436421",1044591239,"15-205-28214","LOC","Expired Intent to Drill (C-1)","AB LOC SWD"
"445949",1030571740,"15-167-02480-0002","EOR","Converted to Producing Well","well was converted to Inj/SWD in 1993, current KCC status (2007)states converted to producing well (DRL 2/07)"
"447520",1007376494,"","OTHER(CLASS ONE (OLD))",""," Class 1 injection well under authority of KDHE, no API(DRL 4-16-2012)"
"447561",1007377240,"","OTHER()","","Well may match Class I well with KID 1002876875 (DRL 5-4-2012)"
"448696",1006723041,"15-163-01127","D&A","Plugged and Abandoned","Stanolind Oil & Gas deepened well in 1954 to total depth of 4060 for SWDW. (drl 8-18-05)"
"450915",1008430162,"15-083-21461","SWD","Authorized Injection Well","Disposal into Arbuckle"
"452948",1045039714,"15-019-27524","OIL","Producing","well number changed from 5 SWD to 5-1 per operator, added spud, compl dates. (DRL-KGS 11-9-2016)"
"453105",1022362165,"15-007-20893-0001","OIL","UIC Application Dismissed","The KCC told me that the operator applied for a SWD well on the 01 and renamed it Holton 4.  Then the application was dismissed and it went back to producing on the  02 and the name went back to Lorena 1-B RE. MCM 4 Apr 2007"
"453401",1045079582,"15-023-21443","D&A","Plugged and Abandoned","Logs of same type show different scales so all were kept for display."
"453942",1046106490,"15-167-19527","SWD-P&A","Plugged and Abandoned","Workover to SWD by CRA."
"459913",1044940281,"","SWD","","SWD into Arbuckle 4010-4290"
"463685",1005735526,"","OTHER()","","believed to be same well as Mid-West Oil and Gas drilled in the twenties-also exact footage as a Stanolind #1 SWD drilled to just over 500 feet-LKS"
"463737",1005738670,"","OTHER()","","SALT WATER DISPOSAL TEST"
"470403",1045663808,"","OTHER(CLASS1)","","From KDHE, KDHE Class I UIC Injection Well Locations as of 5/25/2016, City of Dodge City, Permit 01-057-002"
"470404",1045663849,"","OTHER(CLASS1)","","From KDHE, KDHE Class I UIC Injection Well Locations as of 5/25/2016, City of Wichita, Permit 01-173-001"
"470405",1045663850,"","OTHER(CLASS1)","","From KDHE, KDHE Class I UIC Injection Well Locations as of 5/25/2016, City of Wichita, Permit 01-173-002"
"470406",1045663855,"","OTHER(CLASS1)","","From KDHE, KDHE Class I UIC Injection Well Locations as of 5/25/2016, City of Lyons, Permit 01-159-001"
"470407",1045663857,"","OTHER(CLASS1)","","From KDHE, KDHE Class I UIC Injection Well Locations as of 5/25/2016, City of Lyons, Permit 01-159-005"
"470408",1045663858,"","OTHER(CLASS1)","","From KDHE, KDHE Class I UIC Injection Well Locations as of 5/25/2016, City of Lyons, Permit 01-159-006"
"470409",1045663860,"","OTHER(CLASS1)","","From KDHE, KDHE Class I UIC Injection Well, Locations as of 5/25/2016, City of Shawnee, Permit 01-091-002. Disposal into Arbuckle."
"470410",1045663863,"","OTHER(CLASS1)","","From KDHE, KDHE Class I UIC Injection Well Locations as of 5/25/2016, City of Hutchinson, Permit 01-155-008"
"470411",1045663864,"","OTHER(CLASS1)","","From KDHE, KDHE Class I UIC Injection, Well Locations as of 5/25/2016, City of El Dorado, Permit 01-115-001.  FMI Composite Log and FMI Image mislabeled with location 30-18N-20E, correct location 15-26S-5E according to corresponding log data (DRL 8-12-20"
"470412",1045663866,"","OTHER(CLASS1)","","From KDHE, KDHE Class I UIC Injection Well Locations as of 5/25/2016, City of Lyons, Permit 01-159-007"
"470413",1045663870,"","OTHER(CLASS1)","","From KDHE, KDHE Class I UIC Injection Well Locations as of 5/25/2016, City of Hutchinson, Permit 01-155-004"
"470414",1045663871,"","OTHER(CLASS1)","","From KDHE, KDHE Class I UIC Injection Well Locations as of 5/25/2016, City of McPherson, Permit 01-113-002"
"470415",1045663874,"","OTHER(CLASS1)","","UIC Class I Non Hazardous Waste Injection Well, Kansas Permit No. KS-01-113-008"
"470416",1045663875,"","OTHER(CLASS1)","","UIC Class I Non Hazardous Waste Injection Well, Kansas Permit No. KS-01-113-009"
"470417",1045663877,"","OTHER(CLASS1)","","From KDHE, KDHE Class I UIC Injection Well Locations as of 5/25/2016, City of McPherson, Permit 01-113-010"
"470418",1045663878,"","OTHER(CLASS1)","","From KDHE, KDHE Class I UIC Injection Well, Locations as of 5/25/2016, City of Mullinville, Permit 01-097-001"
"470419",1045663879,"","OTHER(CLASS1)","","From KDHE, KDHE Class I UIC Injection Well, Locations as of 5/25/2016, City of Bushton, Permit 01-159-003"
"470420",1045663880,"","OTHER(CLASS1)","","From KDHE, KDHE Class I UIC Injection Well Locations as of 5/25/2016, City of Wichita, Permit 01-173-004"
"470421",1045663881,"","OTHER(CLASS1)","","From KDHE, KDHE Class I UIC Injection Well Locations as of 5/25/2016, City of Wichita, Permit 01-173-006"
"470422",1045663882,"","OTHER(CLASS1)","","From KDHE, KDHE Class I UIC Injection Well Locations as of 5/25/2016, City of Wichita, Permit 01-173-007"
"470423",1045663883,"","OTHER(CLASS1)","","From KDHE, KDHE Class I UIC Injection Well Locations as of 5/25/2016, City of Wichita, Permit 01-173-008"
"470424",1045663884,"","OTHER(CLASS1)","","From KDHE, KDHE Class I UIC Injection Well Locations as of 5/25/2016, City of Wichita, Permit 01-173-010"
"470425",1045663885,"","OTHER(CLASS1)","","From KDHE, KDHE Class I UIC Injection Well Locations as of 5/25/2016, City of Wichita, Permit 01-173-011"
"470426",1045663886,"","OTHER(CLASS1)","","From KDHE, KDHE Class I UIC Injection Well Locations as of 5/25/2016, City of McPherson, Permit 01-113-006"
"470427",1045663887,"","OTHER(CLASS1)","","From KDHE, KDHE Class I UIC Injection Well Locations as of 5/25/2016, City of Hutchinson, Permit 01-155-005"
"470428",1045663888,"","OTHER(CLASS1)","","From KDHE, KDHE Class I UIC Injection Well Locations as of 5/25/2016, City of Hutchinson, Permit 01-155-006"
"470429",1045663889,"","OTHER(CLASS1)","","From KDHE, KDHE Class I UIC Injection Well Locations as of 5/25/2016, City of Bushton, Permit 01-053-002"
"470430",1045663890,"","OTHER(CLASS1)","","From KDHE, KDHE Class I UIC Injection Well Locations as of 5/25/2016, City of Bushton, Permit 01-053-003"
"470431",1045663891,"","OTHER(CLASS1)","","From KDHE, KDHE Class I UIC Injection Well Locations as of 5/25/2016, City of Bushton, Permit 01-053-004"
"470432",1045663892,"","OTHER(CLASS1)","","From KDHE, KDHE Class I UIC Injection Well Locations as of 5/25/2016, City of Bushton, Permit 01-053-005"
"470433",1045663893,"","OTHER(CLASS1)","","From KDHE, KDHE Class I UIC Injection Well Locations as of 5/25/2016, City of Hutchinson, Permit 01-155-002"
"470434",1045663894,"","OTHER(CLASS1)","","From KDHE, KDHE Class I UIC Injection Well Locations as of 5/25/2016, City of Hutchinson, Permit 01-155-003"
"470435",1045663895,"","OTHER(CLASS1)","","From KDHE, KDHE Class I UIC Injection Well Locations as of 5/25/2016, City of Hutchinson, Permit 01-155-007"
"470436",1045663896,"","OTHER(CLASS1)","","From KDHE, KDHE Class I UIC Injection Well, Locations as of 5/25/2016, City of Harper, Permit 01-077-001"
"470437",1045663897,"","OTHER(CLASS1)","","From KDHE, KDHE Class I UIC Injection Well Locations as of 5/25/2016, City of Harper, Permit 01-077-002"
"470438",1045663898,"","OTHER(CLASS1)","","From KDHE, KDHE Class I UIC Injection Well Locations as of 5/25/2016, City of Great Bend, Permit 01-009-001"
"470439",1045663899,"","OTHER(CLASS1)","","From KDHE, KDHE Class I UIC Injection Well Locations as of 5/25/2016, City of Lakin, Permit 01-093-001"
"470440",1045663900,"","OTHER(CLASS1)","","From KDHE, KDHE Class I UIC Injection, Well Locations as of 5/25/2016, City of Dodge City, Permit 01-057-003"
"470441",1045663901,"","OTHER(CLASS1)","","From KDHE, KDHE Class I UIC Injection Well Locations as of 5/25/2016, City of Holcomb, Permit 01-055-002"
"470442",1045663902,"","OTHER(CLASS1)","","From KDHE, KDHE Class I UIC Injection Well Locations as of 5/25/2016, City of Emporia, Permit 01-111-001"
"470443",1045663903,"","OTHER(CLASS1)","","From KDHE, KDHE Class I UIC Injection Well Locations as of 5/25/2016, City of Hutchinson, Permit 01-155-012"
"470444",1045663904,"","OTHER(CLASS1)","","From KDHE, KDHE Class I UIC Injection Well Locations as of 5/25/2016, City of Garden City, Permit 01-055-003"
"470445",1045663905,"","OTHER(CLASS1)","","From KDHE, KDHE Class I UIC Injection Well Locations as of 5/25/2016, City of McPherson, Permit 01-113-003"
"470446",1045663906,"","OTHER(CLASS1)","","From KDHE, KDHE Class I UIC Injection Well Locations as of 5/25/2016, City of McPherson, Permit 01-113-004"
"470447",1045663907,"","OTHER(CLASS1)","","From KDHE, KDHE Class I UIC Injection Well Locations as of 5/25/2016, City of McPherson, Permit 01-113-001"
"470448",1045663908,"","OTHER(CLASS1)","","From KDHE, KDHE Class I UIC Injection Well Locations as of 5/25/2016, City of McPherson, Permit 01-159-002"
"470449",1045663909,"","OTHER(CLASS1)","","From KDHE, KDHE Class I UIC Injection Well Locations as of 5/25/2016, City of McPherson, Permit 01-159-008"
"470656",1045088967,"15-023-21447","D&A","Plugged and Abandoned","Elogs of similar type have different display parameters."
"478751",1046801829,"","OTHER(CLASS1)","","UIC Class I Non Hazardous Waste Injection Well, Kansas Permit No. KS-01-113-011. KGS-W, MTD, 05/08/2018"
"478755",1046802439,"15-185-12493-0001","OIL","","Well history - Originally drilled as oil well, appears no production, several months after completion date, deepened and completed as SWD. Workover code 0001 added to API for administrative tracking.  KGS-W, MTD, 05/11/2018"
"481015",1046442195,"15-185-29298-0001","SWD-P&A","Plugged and Abandoned","AKA: Fischer SWD #1 and Fischer SWDS/JT #1. KGS-W, MTD, 05/08/2018"
